Дата операции;Категория;Описание;Сумма в валюте счёта
28.02.2026;Связь;MTS MOBILE PAY;-650,00
01.03.2026;Супермаркеты;VKUSVILL 2281;-482,41
01.03.2026;Рестораны;YANDEX.EDA MOSCOW RUS;-911,50
01.03.2026;Кафе;COFFEE LIKE EKB;-381,32
01.03.2026;Транспорт;YANDEX GO MOSCOW RUS;-811,49
02.03.2026;Супермаркеты;MAGNIT MM ROSSIYANKA EKB;-2311,00
02.03.2026;Супермаркеты;VKUSVILL 2281;-1406,36
02.03.2026;Кафе;COFFEE LIKE EKB;-356,71
03.03.2026;Развлечения;VK MUSIC SUBSCRIPTION;-199,00
04.03.2026;Супермаркеты;MAGNIT MM ROSSIYANKA EKB;-521,17
04.03.2026;Кафе;COFFEE LIKE EKB;-244,97
04.03.2026;Кафе;SURF COFFEE EKATERINBURG;-463,28
04.03.2026;Транспорт;YANDEX GO MOSCOW RUS;-198,36
04.03.2026;Транспорт;METRO EKB TURNIKET;-34,44
04.03.2026;Маркетплейсы;OZON.RU MOSCOW;-3634,74
05.03.2026;Супермаркеты;PYATEROCHKA 12043 EKB;-1126,18
05.03.2026;Супермаркеты;LENTA-186 EKATERINBURG;-3886,66
05.03.2026;Автомобиль;GAZPROMNEFT AZS 152;-1417,82
05.03.2026;Одежда;SPORTMASTER EKB;-5462,37
06.03.2026;Рестораны;YANDEX.EDA MOSCOW RUS;-1341,46
06.03.2026;Транспорт;YANDEX GO MOSCOW RUS;-342,54
06.03.2026;Переводы;PEREVOD SBP;-3257,25
07.03.2026;Супермаркеты;MAGNIT MM ROSSIYANKA EKB;-2082,79
07.03.2026;Кафе;COFFEE LIKE EKB;-353,44
07.03.2026;Маркетплейсы;WILDBERRIES 4715;-1453,36
08.03.2026;Развлечения;NETFLIX.COM AMSTERDAM NLD;-999,00
08.03.2026;Супермаркеты;MAGNIT MM ROSSIYANKA EKB;-1837,84
08.03.2026;Супермаркеты;VKUSVILL 2281;-1090,68
08.03.2026;Транспорт;YANDEX GO MOSCOW RUS;-596,86
08.03.2026;Транспорт;METRO EKB TURNIKET;-59,78
08.03.2026;Здоровье;APTEKA APREL EKB;-1667,83
09.03.2026;Супермаркеты;MAGNIT MM ROSSIYANKA EKB;-1435,35
09.03.2026;Рестораны;DODO PIZZA 1130;-623,32
09.03.2026;Транспорт;YANDEX GO MOSCOW RUS;-194,73
09.03.2026;Маркетплейсы;OZON.RU MOSCOW;-3902,40
10.03.2026;Кафе;SURF COFFEE EKATERINBURG;-471,28
10.03.2026;Транспорт;METRO EKB TURNIKET;-45,74
11.03.2026;Развлечения;YANDEX*KINOPOISK MOSCOW RUS;-399,00
11.03.2026;Супермаркеты;PYATEROCHKA 12043 EKB;-596,37
11.03.2026;Супермаркеты;VKUSVILL 2281;-1171,47
11.03.2026;Кафе;COFFEE LIKE EKB;-263,14
12.03.2026;Кафе;COFFEE LIKE EKB;-351,83
12.03.2026;Автомобиль;GAZPROMNEFT AZS 152;-3303,15
12.03.2026;Маркетплейсы;WILDBERRIES 4715;-535,45
13.03.2026;Супермаркеты;MAGNIT MM ROSSIYANKA EKB;-1468,24
13.03.2026;Супермаркеты;PYATEROCHKA 12043 EKB;-359,98
13.03.2026;Рестораны;YANDEX.EDA MOSCOW RUS;-937,59
13.03.2026;Кафе;COFFEE LIKE EKB;-209,55
13.03.2026;Транспорт;YANDEX GO MOSCOW RUS;-589,14
13.03.2026;Транспорт;METRO EKB TURNIKET;-65,37
13.03.2026;Маркетплейсы;OZON.RU MOSCOW;-3642,69
14.03.2026;Супермаркеты;LENTA-186 EKATERINBURG;-2292,04
14.03.2026;Транспорт;YANDEX GO MOSCOW RUS;-721,81
14.03.2026;Переводы;PEREVOD SBP;-8008,41
15.03.2026;Супермаркеты;MAGNIT MM ROSSIYANKA EKB;-2045,16
15.03.2026;Рестораны;YANDEX.EDA MOSCOW RUS;-1205,87
15.03.2026;Кафе;COFFEE LIKE EKB;-209,24
15.03.2026;Транспорт;METRO EKB TURNIKET;-49,35
16.03.2026;Образование;SKILLBOX MOSCOW RUS;-3000,00
16.03.2026;Супермаркеты;MAGNIT MM ROSSIYANKA EKB;-1520,89
17.03.2026;Супермаркеты;MAGNIT MM ROSSIYANKA EKB;-1785,51
17.03.2026;Супермаркеты;PYATEROCHKA 12043 EKB;-1257,78
17.03.2026;Супермаркеты;VKUSVILL 2281;-1129,58
17.03.2026;Кафе;COFFEE LIKE EKB;-240,75
17.03.2026;Маркетплейсы;WILDBERRIES 4715;-4992,41
18.03.2026;Транспорт;YANDEX GO MOSCOW RUS;-493,98
18.03.2026;Питомцы;ZOOMAGAZIN CHETYRE LAPY;-425,16
18.03.2026;Переводы;PEREVOD SBP;-1822,43
20.03.2026;Развлечения;SPOTIFY P2A1B3C4;-399,00
20.03.2026;Супермаркеты;MAGNIT MM ROSSIYANKA EKB;-921,93
20.03.2026;Супермаркеты;PYATEROCHKA 12043 EKB;-1583,50
20.03.2026;Рестораны;YANDEX.EDA MOSCOW RUS;-1607,10
20.03.2026;Кафе;COFFEE LIKE EKB;-333,37
20.03.2026;Кафе;SURF COFFEE EKATERINBURG;-410,81
20.03.2026;Маркетплейсы;OZON.RU MOSCOW;-576,43
21.03.2026;Супермаркеты;LENTA-186 EKATERINBURG;-1805,81
21.03.2026;Рестораны;DODO PIZZA 1130;-542,97
21.03.2026;Автомобиль;GAZPROMNEFT AZS 152;-3403,36
22.03.2026;Кафе;COFFEE LIKE EKB;-276,20
22.03.2026;Транспорт;METRO EKB TURNIKET;-52,48
22.03.2026;Автомобиль;GAZPROMNEFT AZS 152;-3039,38
23.03.2026;Супермаркеты;MAGNIT MM ROSSIYANKA EKB;-485,97
23.03.2026;Транспорт;YANDEX GO MOSCOW RUS;-377,49
23.03.2026;Маркетплейсы;WILDBERRIES 4715;-1451,92
23.03.2026;Электроника;DNS SHOP EKATERINBURG;-12382,17
24.03.2026;Прочее;PADDLE.NET*OBSIDIAN;-850,00
24.03.2026;Супермаркеты;VKUSVILL 2281;-734,35
24.03.2026;Переводы;PEREVOD SBP;-1193,44
25.03.2026;Супермаркеты;PYATEROCHKA 12043 EKB;-296,13
25.03.2026;Кафе;COFFEE LIKE EKB;-184,46
26.03.2026;Супермаркеты;MAGNIT MM ROSSIYANKA EKB;-898,19
27.03.2026;Супермаркеты;PYATEROCHKA 12043 EKB;-306,37
27.03.2026;Рестораны;YANDEX.EDA MOSCOW RUS;-1415,57
27.03.2026;Кафе;COFFEE LIKE EKB;-256,39
27.03.2026;Рестораны;DODO PIZZA 1130;-863,30
27.03.2026;Транспорт;METRO EKB TURNIKET;-61,70
27.03.2026;Маркетплейсы;OZON.RU MOSCOW;-5379,60
28.03.2026;Транспорт;YANDEX GO MOSCOW RUS;-758,11
28.03.2026;Здоровье;APTEKA APREL EKB;-1442,20
29.03.2026;Супермаркеты;MAGNIT MM ROSSIYANKA EKB;-1642,22
29.03.2026;Супермаркеты;PYATEROCHKA 12043 EKB;-1367,86
29.03.2026;Кафе;COFFEE LIKE EKB;-302,39
29.03.2026;Переводы;PEREVOD SBP;-4266,46
30.03.2026;Маркетплейсы;WILDBERRIES 4715;-751,29
31.03.2026;Супермаркеты;MAGNIT MM ROSSIYANKA EKB;-755,77
31.03.2026;Рестораны;YANDEX.EDA MOSCOW RUS;-882,98
31.03.2026;Кафе;SURF COFFEE EKATERINBURG;-299,61
31.03.2026;Транспорт;YANDEX GO MOSCOW RUS;-868,03
01.04.2026;Супермаркеты;VKUSVILL 2281;-507,47
01.04.2026;Переводы;PEREVOD SBP;-4020,56
02.04.2026;Образование;COURSERA.ORG MOUNTAIN VIEW;-3990,00
02.04.2026;Связь;MTS MOBILE PAY;-650,00
02.04.2026;Супермаркеты;PYATEROCHKA 12043 EKB;-514,63
02.04.2026;Кафе;COFFEE LIKE EKB;-186,64
02.04.2026;Транспорт;YANDEX GO MOSCOW RUS;-407,95
02.04.2026;Транспорт;METRO EKB TURNIKET;-50,36
02.04.2026;Автомобиль;GAZPROMNEFT AZS 152;-3106,63
03.04.2026;Развлечения;VK MUSIC SUBSCRIPTION;-199,00
03.04.2026;Супермаркеты;MAGNIT MM ROSSIYANKA EKB;-875,31
03.04.2026;Рестораны;YANDEX.EDA MOSCOW RUS;-612,61
03.04.2026;Одежда;SPORTMASTER EKB;-6746,99
04.04.2026;Супермаркеты;LENTA-186 EKATERINBURG;-2998,85
04.04.2026;Автомобиль;GAZPROMNEFT AZS 152;-1906,26
04.04.2026;Маркетплейсы;OZON.RU MOSCOW;-3083,11
04.04.2026;Маркетплейсы;WILDBERRIES 4715;-4737,58
05.04.2026;Супермаркеты;PYATEROCHKA 12043 EKB;-1062,69
05.04.2026;Рестораны;YANDEX.EDA MOSCOW RUS;-1831,84
05.04.2026;Кафе;COFFEE LIKE EKB;-274,66
05.04.2026;Транспорт;METRO EKB TURNIKET;-48,08
06.04.2026;Развлечения;NETFLIX.COM AMSTERDAM NLD;-999,00
06.04.2026;Кафе;SURF COFFEE EKATERINBURG;-323,53
06.04.2026;Транспорт;YANDEX GO MOSCOW RUS;-254,27
07.04.2026;Супермаркеты;MAGNIT MM ROSSIYANKA EKB;-1586,99
07.04.2026;Супермаркеты;VKUSVILL 2281;-1398,88
07.04.2026;Маркетплейсы;WILDBERRIES 4715;-3188,41
08.04.2026;Кафе;COFFEE LIKE EKB;-207,15
08.04.2026;Рестораны;DODO PIZZA 1130;-796,94
08.04.2026;Переводы;PEREVOD SBP;-2332,34
09.04.2026;Супермаркеты;MAGNIT MM ROSSIYANKA EKB;-675,97
09.04.2026;Супермаркеты;PYATEROCHKA 12043 EKB;-945,58
09.04.2026;Транспорт;METRO EKB TURNIKET;-54,61
10.04.2026;Супермаркеты;VKUSVILL 2281;-1340,44
10.04.2026;Рестораны;YANDEX.EDA MOSCOW RUS;-1625,32
10.04.2026;Транспорт;YANDEX GO MOSCOW RUS;-531,78
11.04.2026;Развлечения;YANDEX*KINOPOISK MOSCOW RUS;-399,00
11.04.2026;Супермаркеты;MAGNIT MM ROSSIYANKA EKB;-1109,27
11.04.2026;Кафе;COFFEE LIKE EKB;-238,25
11.04.2026;Кафе;SURF COFFEE EKATERINBURG;-236,84
12.04.2026;Транспорт;METRO EKB TURNIKET;-38,09
12.04.2026;Автомобиль;GAZPROMNEFT AZS 152;-1818,29
12.04.2026;Маркетплейсы;OZON.RU MOSCOW;-2337,12
12.04.2026;Переводы;PEREVOD SBP;-1442,56
13.04.2026;Супермаркеты;MAGNIT MM ROSSIYANKA EKB;-2378,21
13.04.2026;Супермаркеты;PYATEROCHKA 12043 EKB;-1600,43
13.04.2026;Супермаркеты;LENTA-186 EKATERINBURG;-1757,07
13.04.2026;Транспорт;METRO EKB TURNIKET;-44,17
13.04.2026;Маркетплейсы;WILDBERRIES 4715;-1077,06
14.04.2026;Образование;SKILLBOX MOSCOW RUS;-3000,00
14.04.2026;Кафе;COFFEE LIKE EKB;-353,04
14.04.2026;Маркетплейсы;OZON.RU MOSCOW;-3879,38
15.04.2026;Супермаркеты;MAGNIT MM ROSSIYANKA EKB;-1744,00
15.04.2026;Кафе;COFFEE LIKE EKB;-374,62
15.04.2026;Транспорт;YANDEX GO MOSCOW RUS;-650,43
16.04.2026;Супермаркеты;MAGNIT MM ROSSIYANKA EKB;-2073,13
16.04.2026;Рестораны;YANDEX.EDA MOSCOW RUS;-689,24
16.04.2026;Маркетплейсы;WILDBERRIES 4715;-3347,07
17.04.2026;Кафе;COFFEE LIKE EKB;-155,23
17.04.2026;Рестораны;DODO PIZZA 1130;-1043,97
17.04.2026;Транспорт;YANDEX GO MOSCOW RUS;-206,05
17.04.2026;Питомцы;ZOOMAGAZIN CHETYRE LAPY;-840,01
17.04.2026;Переводы;PEREVOD SBP;-6264,85
18.04.2026;Развлечения;SPOTIFY P2A1B3C4;-399,00
18.04.2026;Транспорт;METRO EKB TURNIKET;-55,86
18.04.2026;Автомобиль;GAZPROMNEFT AZS 152;-1951,38
19.04.2026;Супермаркеты;MAGNIT MM ROSSIYANKA EKB;-386,77
19.04.2026;Супермаркеты;PYATEROCHKA 12043 EKB;-1570,99
19.04.2026;Супермаркеты;VKUSVILL 2281;-536,43
20.04.2026;Кафе;COFFEE LIKE EKB;-295,64
20.04.2026;Транспорт;METRO EKB TURNIKET;-61,13
20.04.2026;Переводы;PEREVOD SBP;-3121,56
21.04.2026;Супермаркеты;MAGNIT MM ROSSIYANKA EKB;-976,14
21.04.2026;Супермаркеты;LENTA-186 EKATERINBURG;-2305,64
21.04.2026;Кафе;SURF COFFEE EKATERINBURG;-206,84
22.04.2026;Рестораны;DODO PIZZA 1130;-1303,00
22.04.2026;Транспорт;YANDEX GO MOSCOW RUS;-242,52
22.04.2026;Транспорт;METRO EKB TURNIKET;-61,36
22.04.2026;Маркетплейсы;WILDBERRIES 4715;-4953,56
23.04.2026;Прочее;PADDLE.NET*OBSIDIAN;-850,00
23.04.2026;Супермаркеты;MAGNIT MM ROSSIYANKA EKB;-2281,25
23.04.2026;Супермаркеты;VKUSVILL 2281;-605,47
23.04.2026;Кафе;COFFEE LIKE EKB;-325,54
24.04.2026;Супермаркеты;PYATEROCHKA 12043 EKB;-365,67
24.04.2026;Переводы;PEREVOD SBP;-2374,41
25.04.2026;Рестораны;YANDEX.EDA MOSCOW RUS;-1348,01
25.04.2026;Кафе;COFFEE LIKE EKB;-360,93
25.04.2026;Транспорт;YANDEX GO MOSCOW RUS;-728,51
25.04.2026;Транспорт;METRO EKB TURNIKET;-56,72
25.04.2026;Маркетплейсы;OZON.RU MOSCOW;-3096,36
26.04.2026;Супермаркеты;MAGNIT MM ROSSIYANKA EKB;-2142,84
26.04.2026;Супермаркеты;PYATEROCHKA 12043 EKB;-233,46
26.04.2026;Супермаркеты;LENTA-186 EKATERINBURG;-922,01
26.04.2026;Кафе;COFFEE LIKE EKB;-406,40
26.04.2026;Автомобиль;GAZPROMNEFT AZS 152;-2897,88
27.04.2026;Супермаркеты;VKUSVILL 2281;-346,08
27.04.2026;Кафе;COFFEE LIKE EKB;-203,83
27.04.2026;Здоровье;APTEKA APREL EKB;-1575,62
27.04.2026;Маркетплейсы;WILDBERRIES 4715;-5435,14
28.04.2026;Супермаркеты;MAGNIT MM ROSSIYANKA EKB;-1142,91
28.04.2026;Супермаркеты;PYATEROCHKA 12043 EKB;-358,29
28.04.2026;Маркетплейсы;OZON.RU MOSCOW;-4825,92
29.04.2026;Кафе;SURF COFFEE EKATERINBURG;-539,31
29.04.2026;Транспорт;YANDEX GO MOSCOW RUS;-794,09
29.04.2026;Автомобиль;GAZPROMNEFT AZS 152;-1700,91
30.04.2026;Кафе;COFFEE LIKE EKB;-184,08
30.04.2026;Маркетплейсы;WILDBERRIES 4715;-5993,15
30.04.2026;Питомцы;ZOOMAGAZIN CHETYRE LAPY;-690,32
30.04.2026;Переводы;PEREVOD SBP;-2237,60
01.05.2026;Связь;MTS MOBILE PAY;-650,00
01.05.2026;Рестораны;YANDEX.EDA MOSCOW RUS;-1571,25
01.05.2026;Транспорт;METRO EKB TURNIKET;-58,06
01.05.2026;Электроника;DNS SHOP EKATERINBURG;-13246,46
02.05.2026;Супермаркеты;MAGNIT MM ROSSIYANKA EKB;-2222,26
02.05.2026;Супермаркеты;PYATEROCHKA 12043 EKB;-856,20
02.05.2026;Рестораны;YANDEX.EDA MOSCOW RUS;-1297,45
02.05.2026;Маркетплейсы;OZON.RU MOSCOW;-3671,16
03.05.2026;Развлечения;VK MUSIC SUBSCRIPTION;-199,00
03.05.2026;Супермаркеты;VKUSVILL 2281;-891,66
03.05.2026;Кафе;COFFEE LIKE EKB;-330,75
03.05.2026;Транспорт;YANDEX GO MOSCOW RUS;-797,25
04.05.2026;Супермаркеты;MAGNIT MM ROSSIYANKA EKB;-832,99
04.05.2026;Супермаркеты;PYATEROCHKA 12043 EKB;-975,36
05.05.2026;Кафе;COFFEE LIKE EKB;-338,86
05.05.2026;Маркетплейсы;WILDBERRIES 4715;-799,75
05.05.2026;Переводы;PEREVOD SBP;-8535,25
06.05.2026;Развлечения;NETFLIX.COM AMSTERDAM NLD;-999,00
06.05.2026;Кафе;SURF COFFEE EKATERINBURG;-426,01
06.05.2026;Транспорт;YANDEX GO MOSCOW RUS;-508,00
06.05.2026;Транспорт;METRO EKB TURNIKET;-35,26
06.05.2026;Одежда;SPORTMASTER EKB;-3493,09
07.05.2026;Супермаркеты;MAGNIT MM ROSSIYANKA EKB;-1487,65
07.05.2026;Супермаркеты;VKUSVILL 2281;-1102,60
07.05.2026;Кафе;COFFEE LIKE EKB;-357,06
08.05.2026;Рестораны;YANDEX.EDA MOSCOW RUS;-1500,05
08.05.2026;Маркетплейсы;WILDBERRIES 4715;-4395,06
09.05.2026;Супермаркеты;MAGNIT MM ROSSIYANKA EKB;-2187,47
09.05.2026;Супермаркеты;PYATEROCHKA 12043 EKB;-471,77
09.05.2026;Рестораны;DODO PIZZA 1130;-1233,81
10.05.2026;Супермаркеты;PYATEROCHKA 12043 EKB;-213,43
10.05.2026;Супермаркеты;LENTA-186 EKATERINBURG;-3882,00
10.05.2026;Кафе;COFFEE LIKE EKB;-351,94
10.05.2026;Транспорт;METRO EKB TURNIKET;-53,83
10.05.2026;Автомобиль;GAZPROMNEFT AZS 152;-1486,73
10.05.2026;Маркетплейсы;OZON.RU MOSCOW;-5094,66
11.05.2026;Супермаркеты;PYATEROCHKA 12043 EKB;-1458,36
11.05.2026;Рестораны;YANDEX.EDA MOSCOW RUS;-689,55
11.05.2026;Транспорт;YANDEX GO MOSCOW RUS;-622,07
11.05.2026;Здоровье;APTEKA APREL EKB;-847,19
11.05.2026;Электроника;DNS SHOP EKATERINBURG;-1858,51
11.05.2026;Переводы;PEREVOD SBP;-2960,30
13.05.2026;Развлечения;YANDEX*KINOPOISK MOSCOW RUS;-399,00
13.05.2026;Супермаркеты;MAGNIT MM ROSSIYANKA EKB;-1150,75
13.05.2026;Кафе;SURF COFFEE EKATERINBURG;-194,54
13.05.2026;Переводы;PEREVOD SBP;-1519,87
14.05.2026;Супермаркеты;VKUSVILL 2281;-294,22
14.05.2026;Кафе;COFFEE LIKE EKB;-180,92
14.05.2026;Маркетплейсы;OZON.RU MOSCOW;-1791,50
14.05.2026;Маркетплейсы;WILDBERRIES 4715;-3269,05
15.05.2026;Транспорт;YANDEX GO MOSCOW RUS;-533,93
16.05.2026;Образование;SKILLBOX MOSCOW RUS;-3000,00
16.05.2026;Супермаркеты;MAGNIT MM ROSSIYANKA EKB;-1379,81
16.05.2026;Рестораны;DODO PIZZA 1130;-1273,91
16.05.2026;Переводы;PEREVOD SBP;-1598,08
17.05.2026;Супермаркеты;PYATEROCHKA 12043 EKB;-663,55
17.05.2026;Рестораны;YANDEX.EDA MOSCOW RUS;-1456,42
17.05.2026;Питомцы;ZOOMAGAZIN CHETYRE LAPY;-964,50
18.05.2026;Супермаркеты;VKUSVILL 2281;-1347,53
18.05.2026;Кафе;COFFEE LIKE EKB;-179,19
18.05.2026;Кафе;SURF COFFEE EKATERINBURG;-295,21
18.05.2026;Транспорт;YANDEX GO MOSCOW RUS;-369,61
19.05.2026;Кафе;COFFEE LIKE EKB;-156,93
20.05.2026;Развлечения;SPOTIFY P2A1B3C4;-399,00
20.05.2026;Супермаркеты;PYATEROCHKA 12043 EKB;-1455,54
20.05.2026;Транспорт;METRO EKB TURNIKET;-57,64
20.05.2026;Автомобиль;GAZPROMNEFT AZS 152;-3134,94
20.05.2026;Маркетплейсы;OZON.RU MOSCOW;-2617,93
20.05.2026;Маркетплейсы;WILDBERRIES 4715;-914,55
21.05.2026;Супермаркеты;PYATEROCHKA 12043 EKB;-1262,38
21.05.2026;Супермаркеты;LENTA-186 EKATERINBURG;-2695,90
21.05.2026;Кафе;COFFEE LIKE EKB;-408,71
22.05.2026;Супермаркеты;MAGNIT MM ROSSIYANKA EKB;-509,09
22.05.2026;Кафе;SURF COFFEE EKATERINBURG;-547,23
22.05.2026;Транспорт;YANDEX GO MOSCOW RUS;-273,02
22.05.2026;Транспорт;METRO EKB TURNIKET;-47,32
22.05.2026;Переводы;PEREVOD SBP;-5026,95
23.05.2026;Супермаркеты;VKUSVILL 2281;-1479,60
24.05.2026;Прочее;PADDLE.NET*OBSIDIAN;-850,00
24.05.2026;Супермаркеты;PYATEROCHKA 12043 EKB;-556,14
24.05.2026;Рестораны;YANDEX.EDA MOSCOW RUS;-1737,36
25.05.2026;Супермаркеты;MAGNIT MM ROSSIYANKA EKB;-1625,09
25.05.2026;Кафе;COFFEE LIKE EKB;-257,10
25.05.2026;Транспорт;YANDEX GO MOSCOW RUS;-524,15
25.05.2026;Маркетплейсы;OZON.RU MOSCOW;-1572,92
25.05.2026;Маркетплейсы;WILDBERRIES 4715;-3947,71
26.05.2026;Рестораны;YANDEX.EDA MOSCOW RUS;-1585,36
27.05.2026;Кафе;COFFEE LIKE EKB;-336,47
27.05.2026;Здоровье;APTEKA APREL EKB;-1130,71
27.05.2026;Маркетплейсы;OZON.RU MOSCOW;-2230,35
28.05.2026;Супермаркеты;MAGNIT MM ROSSIYANKA EKB;-1967,53
28.05.2026;Супермаркеты;PYATEROCHKA 12043 EKB;-302,99
28.05.2026;Переводы;PEREVOD SBP;-6178,41
29.05.2026;Кафе;COFFEE LIKE EKB;-319,36
29.05.2026;Кафе;SURF COFFEE EKATERINBURG;-283,42
29.05.2026;Транспорт;METRO EKB TURNIKET;-61,80
30.05.2026;Супермаркеты;MAGNIT MM ROSSIYANKA EKB;-1113,77
30.05.2026;Рестораны;DODO PIZZA 1130;-1144,46
30.05.2026;Автомобиль;GAZPROMNEFT AZS 152;-1689,11
30.05.2026;Питомцы;ZOOMAGAZIN CHETYRE LAPY;-390,50
31.05.2026;Супермаркеты;PYATEROCHKA 12043 EKB;-708,63
31.05.2026;Супермаркеты;VKUSVILL 2281;-307,44
31.05.2026;Рестораны;YANDEX.EDA MOSCOW RUS;-1468,19
31.05.2026;Транспорт;YANDEX GO MOSCOW RUS;-200,50
01.06.2026;Связь;MTS MOBILE PAY;-650,00
01.06.2026;Супермаркеты;LENTA-186 EKATERINBURG;-1380,19
01.06.2026;Маркетплейсы;WILDBERRIES 4715;-4090,19
02.06.2026;Супермаркеты;MAGNIT MM ROSSIYANKA EKB;-2391,93
02.06.2026;Кафе;COFFEE LIKE EKB;-379,58
02.06.2026;Транспорт;YANDEX GO MOSCOW RUS;-683,95
03.06.2026;Супермаркеты;MAGNIT MM ROSSIYANKA EKB;-2110,42
03.06.2026;Супермаркеты;PYATEROCHKA 12043 EKB;-289,73
04.06.2026;Супермаркеты;PYATEROCHKA 12043 EKB;-1054,49
04.06.2026;Супермаркеты;VKUSVILL 2281;-1235,17
04.06.2026;Транспорт;YANDEX GO MOSCOW RUS;-400,63
04.06.2026;Транспорт;METRO EKB TURNIKET;-47,64
05.06.2026;Развлечения;VK MUSIC SUBSCRIPTION;-199,00
05.06.2026;Супермаркеты;MAGNIT MM ROSSIYANKA EKB;-343,88
05.06.2026;Кафе;SURF COFFEE EKATERINBURG;-214,18
05.06.2026;Одежда;SPORTMASTER EKB;-6487,18
05.06.2026;Переводы;PEREVOD SBP;-3510,42
06.06.2026;Супермаркеты;LENTA-186 EKATERINBURG;-1311,84
06.06.2026;Кафе;COFFEE LIKE EKB;-312,11
07.06.2026;Супермаркеты;MAGNIT MM ROSSIYANKA EKB;-1436,90
07.06.2026;Транспорт;METRO EKB TURNIKET;-34,52
07.06.2026;Автомобиль;GAZPROMNEFT AZS 152;-3401,18
07.06.2026;Маркетплейсы;WILDBERRIES 4715;-3603,05
08.06.2026;Развлечения;NETFLIX.COM AMSTERDAM NLD;-999,00
08.06.2026;Супермаркеты;MAGNIT MM ROSSIYANKA EKB;-875,00
08.06.2026;Супермаркеты;PYATEROCHKA 12043 EKB;-300,44
08.06.2026;Супермаркеты;VKUSVILL 2281;-801,13
08.06.2026;Рестораны;YANDEX.EDA MOSCOW RUS;-1139,66
08.06.2026;Рестораны;DODO PIZZA 1130;-1258,87
08.06.2026;Транспорт;METRO EKB TURNIKET;-59,27
08.06.2026;Маркетплейсы;OZON.RU MOSCOW;-4907,50
08.06.2026;Переводы;PEREVOD SBP;-4207,87
09.06.2026;Супермаркеты;PYATEROCHKA 12043 EKB;-318,95
09.06.2026;Рестораны;YANDEX.EDA MOSCOW RUS;-652,33
09.06.2026;Транспорт;YANDEX GO MOSCOW RUS;-339,54
09.06.2026;Маркетплейсы;WILDBERRIES 4715;-3500,70
10.06.2026;Супермаркеты;MAGNIT MM ROSSIYANKA EKB;-1224,31
11.06.2026;Развлечения;YANDEX*KINOPOISK MOSCOW RUS;-399,00
11.06.2026;Кафе;COFFEE LIKE EKB;-361,31
11.06.2026;Кафе;SURF COFFEE EKATERINBURG;-371,95
11.06.2026;Здоровье;APTEKA APREL EKB;-994,94
12.06.2026;Супермаркеты;MAGNIT MM ROSSIYANKA EKB;-1263,75
12.06.2026;Супермаркеты;PYATEROCHKA 12043 EKB;-318,06
12.06.2026;Супермаркеты;LENTA-186 EKATERINBURG;-3525,16
12.06.2026;Рестораны;YANDEX.EDA MOSCOW RUS;-669,34
12.06.2026;Транспорт;METRO EKB TURNIKET;-37,80
13.06.2026;Транспорт;YANDEX GO MOSCOW RUS;-777,40
13.06.2026;Автомобиль;GAZPROMNEFT AZS 152;-1841,75
14.06.2026;Рестораны;YANDEX.EDA MOSCOW RUS;-1273,67
14.06.2026;Кафе;SURF COFFEE EKATERINBURG;-246,14
14.06.2026;Маркетплейсы;OZON.RU MOSCOW;-1772,17
15.06.2026;Супермаркеты;VKUSVILL 2281;-1375,39
16.06.2026;Супермаркеты;PYATEROCHKA 12043 EKB;-1707,14
16.06.2026;Кафе;COFFEE LIKE EKB;-243,75
16.06.2026;Переводы;PEREVOD SBP;-4407,91
17.06.2026;Супермаркеты;MAGNIT MM ROSSIYANKA EKB;-867,85
18.06.2026;Супермаркеты;PYATEROCHKA 12043 EKB;-1115,78
18.06.2026;Кафе;COFFEE LIKE EKB;-286,61
18.06.2026;Транспорт;METRO EKB TURNIKET;-50,53
19.06.2026;Развлечения;SPOTIFY P2A1B3C4;-399,00
19.06.2026;Супермаркеты;MAGNIT MM ROSSIYANKA EKB;-1361,22
19.06.2026;Рестораны;YANDEX.EDA MOSCOW RUS;-930,56
19.06.2026;Кафе;SURF COFFEE EKATERINBURG;-490,12
19.06.2026;Транспорт;YANDEX GO MOSCOW RUS;-639,87
20.06.2026;Супермаркеты;VKUSVILL 2281;-495,70
20.06.2026;Транспорт;METRO EKB TURNIKET;-38,61
20.06.2026;Маркетплейсы;OZON.RU MOSCOW;-5240,72
20.06.2026;Одежда;SPORTMASTER EKB;-6745,51
21.06.2026;Супермаркеты;PYATEROCHKA 12043 EKB;-340,35
21.06.2026;Кафе;COFFEE LIKE EKB;-242,13
21.06.2026;Маркетплейсы;WILDBERRIES 4715;-3058,86
22.06.2026;Прочее;MIDJOURNEY INC;-1000,00
23.06.2026;Супермаркеты;MAGNIT MM ROSSIYANKA EKB;-2130,68
23.06.2026;Транспорт;METRO EKB TURNIKET;-35,61
23.06.2026;Автомобиль;GAZPROMNEFT AZS 152;-3130,33
23.06.2026;Здоровье;APTEKA APREL EKB;-1210,37
23.06.2026;Питомцы;ZOOMAGAZIN CHETYRE LAPY;-1069,35
23.06.2026;Переводы;PEREVOD SBP;-4148,92
24.06.2026;Супермаркеты;PYATEROCHKA 12043 EKB;-1255,22
24.06.2026;Рестораны;YANDEX.EDA MOSCOW RUS;-1637,31
25.06.2026;Прочее;PADDLE.NET*OBSIDIAN;-850,00
25.06.2026;Кафе;COFFEE LIKE EKB;-178,50
25.06.2026;Рестораны;DODO PIZZA 1130;-619,26
25.06.2026;Транспорт;YANDEX GO MOSCOW RUS;-289,32
26.06.2026;Супермаркеты;PYATEROCHKA 12043 EKB;-624,62
26.06.2026;Кафе;COFFEE LIKE EKB;-409,41
26.06.2026;Кафе;SURF COFFEE EKATERINBURG;-281,83
26.06.2026;Маркетплейсы;WILDBERRIES 4715;-4485,23
26.06.2026;Электроника;DNS SHOP EKATERINBURG;-4881,66
27.06.2026;Супермаркеты;LENTA-186 EKATERINBURG;-3738,93
27.06.2026;Рестораны;YANDEX.EDA MOSCOW RUS;-1746,67
27.06.2026;Кафе;COFFEE LIKE EKB;-340,97
28.06.2026;Супермаркеты;MAGNIT MM ROSSIYANKA EKB;-940,77
28.06.2026;Супермаркеты;VKUSVILL 2281;-904,70
28.06.2026;Рестораны;YANDEX.EDA MOSCOW RUS;-1113,20
28.06.2026;Кафе;COFFEE LIKE EKB;-267,58
29.06.2026;Супермаркеты;PYATEROCHKA 12043 EKB;-1274,86
29.06.2026;Транспорт;METRO EKB TURNIKET;-40,95
29.06.2026;Переводы;PEREVOD SBP;-3937,59
30.06.2026;Супермаркеты;MAGNIT MM ROSSIYANKA EKB;-637,91
30.06.2026;Кафе;COFFEE LIKE EKB;-222,92
30.06.2026;Транспорт;YANDEX GO MOSCOW RUS;-680,84
01.07.2026;Связь;MTS MOBILE PAY;-650,00
01.07.2026;Супермаркеты;MAGNIT MM ROSSIYANKA EKB;-1906,02
01.07.2026;Кафе;COFFEE LIKE EKB;-368,21
01.07.2026;Здоровье;APTEKA APREL EKB;-1605,21
01.07.2026;Маркетплейсы;OZON.RU MOSCOW;-849,28
01.07.2026;Маркетплейсы;WILDBERRIES 4715;-5353,56
02.07.2026;Супермаркеты;MAGNIT MM ROSSIYANKA EKB;-1423,14
02.07.2026;Супермаркеты;PYATEROCHKA 12043 EKB;-418,10
02.07.2026;Кафе;COFFEE LIKE EKB;-267,61
02.07.2026;Кафе;SURF COFFEE EKATERINBURG;-396,49
02.07.2026;Рестораны;DODO PIZZA 1130;-724,17
02.07.2026;Транспорт;METRO EKB TURNIKET;-63,12
02.07.2026;Автомобиль;GAZPROMNEFT AZS 152;-2503,95
03.07.2026;Транспорт;YANDEX GO MOSCOW RUS;-475,00
03.07.2026;Переводы;PEREVOD SBP;-3942,77
04.07.2026;Супермаркеты;MAGNIT MM ROSSIYANKA EKB;-321,19
04.07.2026;Супермаркеты;VKUSVILL 2281;-1260,07
04.07.2026;Рестораны;YANDEX.EDA MOSCOW RUS;-706,00
04.07.2026;Кафе;COFFEE LIKE EKB;-347,38
04.07.2026;Маркетплейсы;WILDBERRIES 4715;-4594,83
05.07.2026;Развлечения;VK MUSIC SUBSCRIPTION;-199,00
05.07.2026;Транспорт;YANDEX GO MOSCOW RUS;-504,32
05.07.2026;Питомцы;ZOOMAGAZIN CHETYRE LAPY;-624,02
06.07.2026;Супермаркеты;MAGNIT MM ROSSIYANKA EKB;-2252,53
06.07.2026;Кафе;COFFEE LIKE EKB;-374,30
06.07.2026;Кафе;SURF COFFEE EKATERINBURG;-418,81
06.07.2026;Маркетплейсы;OZON.RU MOSCOW;-1452,65
07.07.2026;Развлечения;NETFLIX.COM AMSTERDAM NLD;-999,00
07.07.2026;Супермаркеты;PYATEROCHKA 12043 EKB;-1236,35
07.07.2026;Супермаркеты;LENTA-186 EKATERINBURG;-1715,94
07.07.2026;Маркетплейсы;WILDBERRIES 4715;-1686,38
07.07.2026;Переводы;PEREVOD SBP;-8712,70
08.07.2026;Супермаркеты;PYATEROCHKA 12043 EKB;-1697,82
08.07.2026;Супермаркеты;VKUSVILL 2281;-1173,93
08.07.2026;Транспорт;METRO EKB TURNIKET;-41,38
08.07.2026;Автомобиль;GAZPROMNEFT AZS 152;-1999,56
08.07.2026;Маркетплейсы;OZON.RU MOSCOW;-643,40
09.07.2026;Супермаркеты;MAGNIT MM ROSSIYANKA EKB;-2147,74
09.07.2026;Супермаркеты;VKUSVILL 2281;-504,32
09.07.2026;Транспорт;YANDEX GO MOSCOW RUS;-282,70
09.07.2026;Маркетплейсы;OZON.RU MOSCOW;-2060,88
10.07.2026;Супермаркеты;VKUSVILL 2281;-1401,76
10.07.2026;Рестораны;YANDEX.EDA MOSCOW RUS;-1547,52
10.07.2026;Рестораны;DODO PIZZA 1130;-1171,82
11.07.2026;Кафе;COFFEE LIKE EKB;-173,40
11.07.2026;Маркетплейсы;WILDBERRIES 4715;-2398,86
12.07.2026;Супермаркеты;MAGNIT MM ROSSIYANKA EKB;-440,48
12.07.2026;Супермаркеты;PYATEROCHKA 12043 EKB;-224,81
13.07.2026;Развлечения;YANDEX*KINOPOISK MOSCOW RUS;-399,00
13.07.2026;Рестораны;YANDEX.EDA MOSCOW RUS;-1672,61
13.07.2026;Транспорт;YANDEX GO MOSCOW RUS;-709,87
14.07.2026;Супермаркеты;MAGNIT MM ROSSIYANKA EKB;-2146,26
14.07.2026;Супермаркеты;PYATEROCHKA 12043 EKB;-368,97
14.07.2026;Супермаркеты;LENTA-186 EKATERINBURG;-1230,25
14.07.2026;Кафе;COFFEE LIKE EKB;-275,47
14.07.2026;Кафе;SURF COFFEE EKATERINBURG;-477,01
14.07.2026;Транспорт;METRO EKB TURNIKET;-41,43
15.07.2026;Переводы;PEREVOD SBP;-4410,82
16.07.2026;Супермаркеты;PYATEROCHKA 12043 EKB;-1064,84
16.07.2026;Кафе;COFFEE LIKE EKB;-314,79
17.07.2026;Супермаркеты;MAGNIT MM ROSSIYANKA EKB;-1330,86
17.07.2026;Рестораны;YANDEX.EDA MOSCOW RUS;-1168,13
17.07.2026;Кафе;SURF COFFEE EKATERINBURG;-300,02
17.07.2026;Маркетплейсы;WILDBERRIES 4715;-3057,62
18.07.2026;Развлечения;SPOTIFY P2A1B3C4;-399,00
18.07.2026;Супермаркеты;VKUSVILL 2281;-1032,71
18.07.2026;Кафе;COFFEE LIKE EKB;-379,76
18.07.2026;Транспорт;YANDEX GO MOSCOW RUS;-276,92
19.07.2026;Супермаркеты;MAGNIT MM ROSSIYANKA EKB;-463,96
19.07.2026;Супермаркеты;PYATEROCHKA 12043 EKB;-764,92
19.07.2026;Автомобиль;GAZPROMNEFT AZS 152;-3477,21
19.07.2026;Здоровье;APTEKA APREL EKB;-628,14
20.07.2026;Маркетплейсы;OZON.RU MOSCOW;-1418,08
21.07.2026;Кафе;COFFEE LIKE EKB;-199,10
22.07.2026;Прочее;MIDJOURNEY INC;-1000,00
22.07.2026;Супермаркеты;MAGNIT MM ROSSIYANKA EKB;-587,05
22.07.2026;Супермаркеты;PYATEROCHKA 12043 EKB;-319,38
22.07.2026;Транспорт;METRO EKB TURNIKET;-62,74
22.07.2026;Маркетплейсы;WILDBERRIES 4715;-2903,89
22.07.2026;Питомцы;ZOOMAGAZIN CHETYRE LAPY;-1663,31
23.07.2026;Супермаркеты;MAGNIT MM ROSSIYANKA EKB;-1308,59
23.07.2026;Супермаркеты;VKUSVILL 2281;-1376,06
24.07.2026;Прочее;PADDLE.NET*OBSIDIAN;-850,00
24.07.2026;Супермаркеты;LENTA-186 EKATERINBURG;-2235,11
24.07.2026;Рестораны;YANDEX.EDA MOSCOW RUS;-819,73
24.07.2026;Кафе;COFFEE LIKE EKB;-241,89
24.07.2026;Транспорт;YANDEX GO MOSCOW RUS;-786,63
25.07.2026;Супермаркеты;MAGNIT MM ROSSIYANKA EKB;-2134,66
25.07.2026;Переводы;PEREVOD SBP;-6361,69
26.07.2026;Супермаркеты;PYATEROCHKA 12043 EKB;-906,71
26.07.2026;Супермаркеты;LENTA-186 EKATERINBURG;-2944,39
26.07.2026;Рестораны;YANDEX.EDA MOSCOW RUS;-812,98
26.07.2026;Рестораны;DODO PIZZA 1130;-860,36
26.07.2026;Маркетплейсы;OZON.RU MOSCOW;-4547,39
27.07.2026;Супермаркеты;MAGNIT MM ROSSIYANKA EKB;-1200,13
27.07.2026;Кафе;SURF COFFEE EKATERINBURG;-407,75
27.07.2026;Транспорт;METRO EKB TURNIKET;-55,36
27.07.2026;Электроника;DNS SHOP EKATERINBURG;-7694,88
28.07.2026;Супермаркеты;VKUSVILL 2281;-888,83
28.07.2026;Кафе;COFFEE LIKE EKB;-387,69
28.07.2026;Маркетплейсы;WILDBERRIES 4715;-4274,37
29.07.2026;Транспорт;YANDEX GO MOSCOW RUS;-421,31
29.07.2026;Маркетплейсы;OZON.RU MOSCOW;-4463,40
29.07.2026;Переводы;PEREVOD SBP;-1399,84
30.07.2026;Супермаркеты;MAGNIT MM ROSSIYANKA EKB;-1838,26
30.07.2026;Кафе;COFFEE LIKE EKB;-152,74
31.07.2026;Связь;MTS MOBILE PAY;-650,00
31.07.2026;Супермаркеты;PYATEROCHKA 12043 EKB;-1073,72
31.07.2026;Кафе;SURF COFFEE EKATERINBURG;-212,29
01.08.2026;Рестораны;YANDEX.EDA MOSCOW RUS;-956,90
01.08.2026;Кафе;COFFEE LIKE EKB;-405,98
01.08.2026;Автомобиль;GAZPROMNEFT AZS 152;-3528,24
02.08.2026;Супермаркеты;PYATEROCHKA 12043 EKB;-1493,29
02.08.2026;Супермаркеты;VKUSVILL 2281;-1124,54
02.08.2026;Транспорт;YANDEX GO MOSCOW RUS;-181,82
02.08.2026;Транспорт;METRO EKB TURNIKET;-44,40
02.08.2026;Маркетплейсы;WILDBERRIES 4715;-5757,16
03.08.2026;Развлечения;VK MUSIC SUBSCRIPTION;-199,00
03.08.2026;Супермаркеты;MAGNIT MM ROSSIYANKA EKB;-738,39
03.08.2026;Здоровье;APTEKA APREL EKB;-281,54
03.08.2026;Маркетплейсы;OZON.RU MOSCOW;-1557,32
04.08.2026;Супермаркеты;MAGNIT MM ROSSIYANKA EKB;-1671,75
04.08.2026;Транспорт;YANDEX GO MOSCOW RUS;-695,50
05.08.2026;Кафе;COFFEE LIKE EKB;-281,92
05.08.2026;Переводы;PEREVOD SBP;-4203,25
06.08.2026;Развлечения;NETFLIX.COM AMSTERDAM NLD;-999,00
06.08.2026;Супермаркеты;VKUSVILL 2281;-947,47
06.08.2026;Рестораны;YANDEX.EDA MOSCOW RUS;-694,18
06.08.2026;Одежда;SPORTMASTER EKB;-5168,43
07.08.2026;Автомобиль;GAZPROMNEFT AZS 152;-3169,31
08.08.2026;Супермаркеты;LENTA-186 EKATERINBURG;-3751,84
08.08.2026;Кафе;COFFEE LIKE EKB;-354,70
08.08.2026;Кафе;SURF COFFEE EKATERINBURG;-545,24
08.08.2026;Транспорт;YANDEX GO MOSCOW RUS;-648,56
08.08.2026;Транспорт;METRO EKB TURNIKET;-52,39
08.08.2026;Маркетплейсы;WILDBERRIES 4715;-836,02
08.08.2026;Питомцы;ZOOMAGAZIN CHETYRE LAPY;-750,03
09.08.2026;Супермаркеты;PYATEROCHKA 12043 EKB;-1051,02
10.08.2026;Супермаркеты;MAGNIT MM ROSSIYANKA EKB;-1231,25
10.08.2026;Рестораны;YANDEX.EDA MOSCOW RUS;-1023,91
10.08.2026;Кафе;COFFEE LIKE EKB;-282,52
10.08.2026;Рестораны;DODO PIZZA 1130;-1316,70
10.08.2026;Транспорт;YANDEX GO MOSCOW RUS;-794,34
10.08.2026;Маркетплейсы;OZON.RU MOSCOW;-3375,87
10.08.2026;Переводы;PEREVOD SBP;-7899,46
11.08.2026;Кафе;COFFEE LIKE EKB;-364,09
11.08.2026;Транспорт;METRO EKB TURNIKET;-41,25
12.08.2026;Супермаркеты;MAGNIT MM ROSSIYANKA EKB;-787,37
12.08.2026;Супермаркеты;PYATEROCHKA 12043 EKB;-1691,49
12.08.2026;Транспорт;YANDEX GO MOSCOW RUS;-416,03
12.08.2026;Маркетплейсы;OZON.RU MOSCOW;-1779,15
13.08.2026;Развлечения;YANDEX*KINOPOISK MOSCOW RUS;-399,00
13.08.2026;Супермаркеты;VKUSVILL 2281;-730,14
14.08.2026;Супермаркеты;MAGNIT MM ROSSIYANKA EKB;-1023,22
14.08.2026;Супермаркеты;PYATEROCHKA 12043 EKB;-374,70
14.08.2026;Кафе;COFFEE LIKE EKB;-336,78
14.08.2026;Транспорт;METRO EKB TURNIKET;-60,90
14.08.2026;Маркетплейсы;WILDBERRIES 4715;-1005,25
15.08.2026;Рестораны;YANDEX.EDA MOSCOW RUS;-1069,11
16.08.2026;Супермаркеты;MAGNIT MM ROSSIYANKA EKB;-778,05
16.08.2026;Транспорт;YANDEX GO MOSCOW RUS;-721,64
16.08.2026;Переводы;PEREVOD SBP;-6839,34
17.08.2026;Кафе;COFFEE LIKE EKB;-232,68
17.08.2026;Транспорт;YANDEX GO MOSCOW RUS;-797,42
18.08.2026;Развлечения;SPOTIFY P2A1B3C4;-399,00
18.08.2026;Супермаркеты;MAGNIT MM ROSSIYANKA EKB;-467,67
18.08.2026;Супермаркеты;PYATEROCHKA 12043 EKB;-1624,64
18.08.2026;Кафе;COFFEE LIKE EKB;-293,35
18.08.2026;Кафе;SURF COFFEE EKATERINBURG;-421,44
19.08.2026;Транспорт;METRO EKB TURNIKET;-48,95
19.08.2026;Маркетплейсы;WILDBERRIES 4715;-4698,08
20.08.2026;Супермаркеты;MAGNIT MM ROSSIYANKA EKB;-2203,27
20.08.2026;Рестораны;YANDEX.EDA MOSCOW RUS;-949,85
20.08.2026;Кафе;COFFEE LIKE EKB;-264,89
20.08.2026;Автомобиль;GAZPROMNEFT AZS 152;-2430,33
21.08.2026;Супермаркеты;PYATEROCHKA 12043 EKB;-1390,44
21.08.2026;Супермаркеты;VKUSVILL 2281;-1187,69
21.08.2026;Питомцы;ZOOMAGAZIN CHETYRE LAPY;-1016,49
22.08.2026;Прочее;MIDJOURNEY INC;-1000,00
22.08.2026;Супермаркеты;MAGNIT MM ROSSIYANKA EKB;-2108,04
22.08.2026;Супермаркеты;LENTA-186 EKATERINBURG;-4121,24
22.08.2026;Кафе;COFFEE LIKE EKB;-339,77
22.08.2026;Переводы;PEREVOD SBP;-1149,22
23.08.2026;Прочее;PADDLE.NET*OBSIDIAN;-850,00
23.08.2026;Транспорт;YANDEX GO MOSCOW RUS;-876,35
24.08.2026;Рестораны;YANDEX.EDA MOSCOW RUS;-1662,71
24.08.2026;Кафе;COFFEE LIKE EKB;-223,15
24.08.2026;Здоровье;APTEKA APREL EKB;-1759,32
25.08.2026;Супермаркеты;MAGNIT MM ROSSIYANKA EKB;-1711,47
25.08.2026;Супермаркеты;PYATEROCHKA 12043 EKB;-544,90
25.08.2026;Рестораны;DODO PIZZA 1130;-1586,37
25.08.2026;Транспорт;METRO EKB TURNIKET;-40,83
26.08.2026;Кафе;COFFEE LIKE EKB;-202,00
26.08.2026;Маркетплейсы;OZON.RU MOSCOW;-3096,48
26.08.2026;Маркетплейсы;WILDBERRIES 4715;-3822,17
27.08.2026;Кафе;SURF COFFEE EKATERINBURG;-287,92
27.08.2026;Транспорт;YANDEX GO MOSCOW RUS;-787,77
27.08.2026;Транспорт;METRO EKB TURNIKET;-65,76
28.08.2026;Супермаркеты;MAGNIT MM ROSSIYANKA EKB;-765,61
28.08.2026;Супермаркеты;VKUSVILL 2281;-763,53
29.08.2026;Супермаркеты;PYATEROCHKA 12043 EKB;-755,18
29.08.2026;Рестораны;YANDEX.EDA MOSCOW RUS;-1033,06
29.08.2026;Кафе;COFFEE LIKE EKB;-182,28
29.08.2026;Маркетплейсы;WILDBERRIES 4715;-3679,12
30.08.2026;Кафе;COFFEE LIKE EKB;-199,99
31.08.2026;Супермаркеты;PYATEROCHKA 12043 EKB;-1013,60
31.08.2026;Рестораны;DODO PIZZA 1130;-629,29
31.08.2026;Транспорт;METRO EKB TURNIKET;-42,74
31.08.2026;Переводы;PEREVOD SBP;-5882,41
